"img_id","latitude","longitude","tags"
"10016","31.041186","121.23638","中元节"
"10021","30.158153","109.45652","父亲节"
"10026","40.089356","113.359238","国庆节"
"10034","31.351092","121.256517","国庆节"
"10049","31.073897","121.177138","清明节"
"10050","31.308338","121.51718","元旦"
"10051","39.66027","113.709237","国庆节"
"10063","31.218338","121.452287","元旦"
"10065","39.659562","113.707795","国庆节"
"10073","31.228572","121.48755","端午节"
"10077","21.410238","109.134644","春节"
"10094","37.861653","112.565855","国庆节"
"10095","31.041194","121.23632","中秋节"
"10096","38.647533","-9.224683","母亲节"
"10098","37.708738","112.434988","国庆节"
"10106","31.031114","121.235428","清明节"
"10107","39.229458","113.653388","国庆节"
"10113","31.042503","121.232583","国庆节"
"10125","40.107864","113.13578","国庆节"
"10128","31.18578","121.46","国庆节"
"10138","31.352428","121.258675","国庆节"
"10148","39.011264","113.588837","国庆节"
"10151","40.089444","113.357912","国庆节"
"10165","39.013617","113.587855","国庆节"
"10174","31.073064","121.177038","春节"
"10180","40.109122","113.120708","国庆节"
"10184","37.824828","112.564925","国庆节"
"10186","38.902845","113.642822","国庆节"
"10192","31.339233","121.509383","清明节"
"10194","31.22518","121.460922","七夕节"
"10197","31.04125","121.23603","中秋节"
"10204","31.040522","121.254853","中元节"
"10205","30.58553","119.859628","情人节"
"10206","31.333712","121.505058","平安夜"
"10216","37.70858","112.434517","国庆节"
"10221","31.333695","121.505037","平安夜"
"10225","31.339863","121.490708","龙抬头"
"10234","40.089286","113.35813","国庆节"
"10246","22.79793","100.993713","建党节"
"10255","31.401328","121.488205","春节"
"10259","40.107253","113.134942","国庆节"
"10262","31.351817","121.260345","国庆节"
"10263","21.410605","109.133881","春节"
"10265","31.311183","121.513122","元旦"
"10267","31.142119","121.657883","国庆节"
"10278","31.0412","121.2363","国庆节"
"10281","31.228367","121.487237","端午节"
"10290","31.041139","121.236305","感恩节"
"10292","31.040158","121.236497","七夕节"
"10299","38.630217","113.055378","国庆节"
"10304","31.282937","121.594575","春节"
"10313","31.041245","121.236397","除夕"
"10318","39.660053","113.709228","国庆节"
"10319","31.073167","121.177125","春节"
"10334","31.073155","121.17713","春节"
"10348","39.00855","113.590095","国庆节"
"10356","31.041194","121.236275","中元节"
"10360","21.425045","109.133086","春节"
"10362","39.313488","112.425758","国庆节"
"10369","39.229308","113.653533","国庆节"
"10375","21.034847","109.086656","春节"
"10376","31.352428","121.258683","国庆节"
"10378","31.185837","121.460442","国庆节"
"10384","37.708278","112.43567","国庆节"
"10389","40.956825","115.418608","春节"
"10401","38.869112","113.387108","国庆节"
"10405","39.658755","113.70852","国庆节"
"10410","31.35108","121.25753","国庆节"
"10411","40.089419","113.357925","国庆节"
"10412","40.088886","113.35878","国庆节"
"10423","31.04125","121.236442","除夕"
"10431","31.33368","121.504997","平安夜"
"10433","31.263887","121.507583","国庆节"
"10440","24.917805","102.465395","植树节"
"10448","31.357517","121.180633","清明节"
"10449","31.23307","121.49723","平安夜"
"10455","21.033908","109.08625","春节"
"10461","37.823412","112.573228","国庆节"
"10478","31.018508","121.19303","中秋节"
"10482","30.58503","119.859842","情人节"
"10484","31.140131","121.653747","国庆节"
"10496","39.700828","113.685692","国庆节"
"10497","31.304972","121.502512","万圣夜"
"10505","30.21653","109.448128","父亲节"
"10512","31.218338","121.452287","元旦"
"10523","21.035405","109.086228","春节"
"10526","39.700295","113.685875","国庆节"
"10529","38.630217","113.055378","国庆节"
"10532","39.659472","113.7089","国庆节"
"10538","31.2252","121.461","七夕节"
"10540","31.041111","121.236422","万圣夜"
"10554","39.313192","112.426375","国庆节"
"10560","38.64695","-9.22518","母亲节"
"10576","31.07368","121.17723","愚人节"
"10579","21.410312","109.134392","春节"
"10580","31.35175","121.256562","国庆节"
"10588","31.0804","121.177537","愚人节"
"10590","31.041061","121.236388","清明节"
"10591","31.218338","121.560075","腊八节"
"10594","31.185853","121.460503","国庆节"
"10612","39.659528","113.708038","国庆节"
"10620","40.091389","113.286713","国庆节"
"10623","31.223453","121.451063","国庆节"
"10631","31.228512","121.48725","端午节"
"10632","38.869172","113.387567","国庆节"
"10637","21.423812","109.136161","春节"
"10639","21.410625","109.133775","春节"
"10642","21.403813","109.135017","春节"
"10649","31.333475","121.504945","清明节"
"10655","31.321837","121.506012","元宵节"
"10665","21.420113","109.212578","春节"
"10670","24.917375","102.465745","植树节"
"10675","21.410312","109.134392","春节"
"10681","31.308355","121.517097","元旦"
"10688","39.701213","113.685708","国庆节"
"10696","31.228575","121.48728","端午节"
"10705","31.073694","121.178963","清明节"
"10707","40.107864","113.13578","国庆节"
"10720","39.659667","113.70848","国庆节"
"10723","31.228537","121.487267","端午节"
"10729","40.091697","113.289833","国庆节"
"10738","31.333363","121.51645","元旦"
"10757","40.107864","113.13578","国庆节"
"10759","40.089333","113.35817","国庆节"
"10766","38.869145","113.38793","国庆节"
"10769","21.420692","109.22193","春节"
"10780","31.303988","121.51065","国庆节"
"10785","40.090683","113.288155","国庆节"
"10786","38.86903","113.385642","国庆节"
"10791","40.082183","113.300895","国庆节"
"10797","31.0557","121.1868","国庆节"
"10800","39.147311","113.373847","国庆节"
"10822","39.013617","113.587855","国庆节"
"10829","31.186005","121.452387","国庆节"
"10832","40.107864","113.13578","国庆节"
"10845","21.429597","109.133308","春节"
"10847","31.073008","121.176863","国庆节"
"10850","31.332797","121.516228","元旦"
"10852","31.225187","121.460938","七夕节"
"10855","38.630217","113.055378","国庆节"
"10870","31.041186","121.236313","国庆节"
"10884","31.351425","121.257347","国庆节"
"10888","39.659037","113.708375","国庆节"
"10890","38.869","113.387375","国庆节"
"10895","31.043519","121.235313","春节"
"10901","31.228462","121.487442","端午节"
"10904","40.107864","113.13578","国庆节"
"10911","31.0412","121.2363","国庆节"
"10913","39.660305","113.709678","国庆节"
"10914","31.342463","121.241163","国庆节"
"10920","31.0557","121.1868","国庆节"
"10937","31.333955","121.51693","元旦"
"10944","31.218317","121.452317","元旦"
"10946","37.708358","112.434517","国庆节"
"10947","40.088661","113.358337","国庆节"
"10962","40.107864","113.13578","国庆节"
"10965","31.308455","121.524155","母亲节"
"10977","31.218338","121.560075","腊八节"
"10981","21.033883","109.086525","春节"
"10982","38.630217","113.055378","国庆节"
"10987","37.708795","112.434983","国庆节"
"10989","39.659583","113.708258","国庆节"
"10994","31.075286","121.173042","国庆节"
"11002","31.04122","121.236245","中秋节"
"11005","21.410238","109.134644","春节"
"11006","31.233105","121.497213","平安夜"
"11008","39.148064","113.373962","国庆节"
"11013","31.041245","121.236397","除夕"
"11019","31.228472","121.487137","端午节"
"11025","38.647153","-9.225575","母亲节"
"11034","31.076628","121.1828","愚人节"
"11059","21.410312","109.134392","春节"
"11063","31.3337","121.505042","平安夜"
"11064","31.333742","121.504683","端午节"
"11065","31.342262","121.240745","国庆节"
"11073","31.227322","121.389397","愚人节"
"11076","31.225178","121.461013","七夕节"
"11086","40.107883","113.137239","国庆节"
"11090","31.308455","121.524155","母亲节"
"11097","31.077022","121.175942","愚人节"
"11103","31.352125","121.259033","国庆节"
"11104","21.032292","109.1065","春节"
"11110","39.313253","112.425592","国庆节"
"11111","21.056889","109.088242","春节"
"11118","31.362763","121.185622","清明节"
"11121","31.183522","121.4506","国庆节"
"11134","31.294558","121.51593","妇女节"
"11147","37.823617","112.572992","国庆节"
"11150","21.035033","109.086639","春节"
"11152","31.230597","121.493675","劳动节"
"11153","37.708447","112.435287","国庆节"
"11164","31.041133","121.236297","端午节"
"11167","40.086314","113.293572","国庆节"
"11170","40.08867","113.358253","国庆节"
"11191","21.033878","109.086242","春节"
"11193","31.185913","121.460067","国庆节"
"11197","39.334817","112.428812","国庆节"
"11198","31.080128","121.181678","清明节"
"11201","31.301225","121.50618","平安夜"
"11208","21.410312","109.134392","春节"
"11215","37.823312","112.56907","国庆节"
"11219","31.075758","121.1734","国庆节"
"11223","31.33435","121.517145","元旦"
"11224","39.563628","113.181945","国庆节"
"11230","39.314137","112.425728","国庆节"
"11232","31.041272","121.23645","除夕"
"11235","22.247978","114.164964","感恩节"
"11242","31.041208","121.236345","中秋节"
"11245","31.04125","121.236405","中秋节"
"11266","37.708308","112.435455","国庆节"
"11272","37.862247","112.565912","国庆节"
"11278","21.420538","109.221322","春节"
"11286","21.034425","109.086875","春节"
"11302","39.33907","112.458405","国庆节"
"11308","31.218338","121.452287","元旦"
"11311","40.947045","115.430237","春节"
"11314","37.861713","112.56578","国庆节"
"11321","31.073678","121.178917","清明节"
"11331","31.333592","121.516853","元旦"
"11337","39.31443","112.425667","国庆节"
"11344","39.70095","113.685692","国庆节"
"11345","31.23305","121.497422","平安夜"
"11354","31.041261","121.236405","除夕"
"11355","31.043172","121.234933","国庆节"
"11356","41.375367","2.178372","劳动节"
"11365","40.107864","113.13578","国庆节"
"11376","39.700825","113.68573","国庆节"
"11377","40.090519","113.288038","国庆节"
"11378","40.107864","113.13578","国庆节"
"11384","21.410312","109.134392","春节"
"11391","39.313253","112.425592","国庆节"
"11395","30.938288","121.112656","国庆节"
"11397","31.041272","121.236437","除夕"
"11404","37.862178","112.565895","国庆节"
"11407","21.410238","109.134644","春节"
"11408","40.107975","113.122667","国庆节"
"11412","31.351497","121.256608","国庆节"
"11413","40.109122","113.120708","国庆节"
"11427","31.041272","121.23645","除夕"
"11436","31.294558","121.51593","妇女节"
"11439","21.410483","109.133972","春节"
"11457","40.107881","113.122672","国庆节"
"11460","38.630217","113.055378","国庆节"
"11470","22.798113","100.993662","建党节"
"11471","31.169867","121.42993","国庆节"
"11477","31.33448","121.50312","五四青年节"
"11481","31.2904","121.4517","元旦"
"11489","31.333578","121.504975","国庆节"
"11496","31.037833","121.235863","春节"
"11505","30.585003","119.860145","情人节"
"11515","40.085953","113.293603","国庆节"
"11518","39.006939","113.590028","国庆节"
"11538","39.660208","113.709647","国庆节"
"11539","21.410312","109.134392","春节"
"11542","31.071755","121.175758","清明节"
"11552","21.034414","109.086892","春节"
"11556","34.987083","135.755662","情人节"
"11560","31.233153","121.497025","平安夜"
"11564","31.227433","121.389733","愚人节"
"11572","39.700825","113.685722","国庆节"
"11579","37.86158","112.56578","国庆节"
"11591","31.041317","121.236375","七夕节"
"11606","40.107864","113.13578","国庆节"
"11611","31.185908","121.459938","国庆节"
"11614","31.041242","121.236038","中秋节"
"11617","21.033536","109.087303","春节"
"11620","40.091514","113.287308","国庆节"
"11625","40.091553","113.287513","国庆节"
"11645","38.868892","113.387147","国庆节"
"11649","38.62965","113.055122","国庆节"
"11650","21.033889","109.086281","春节"
"11680","40.085022","113.293397","国庆节"
"11686","21.032397","109.08712","春节"
"11688","31.041375","121.23635","七夕节"
"11692","31.040295","121.236678","元旦"
"11693","21.433625","109.230872","春节"
"11705","31.073881","121.178008","愚人节"
"11711","31.031114","121.235428","清明节"
"11714","40.089378","113.357942","国庆节"
"11715","31.339242","121.509392","植树节"
"11717","40.091195","113.288138","国庆节"
"11721","31.29042","121.414567","春节"
"11725","31.041231","121.236053","中秋节"
"11729","39.013617","113.587855","国庆节"
"11732","31.35112","121.258255","国庆节"
"11733","31.041078","121.236275","平安夜"
"11738","31.227342","121.389497","愚人节"
"11741","31.218338","121.560075","腊八节"
"11744","40.947067","115.430237","春节"
"11747","30.938575","121.111022","国庆节"
"11761","31.22048","121.443292","春节"
"11768","39.659613","113.708297","国庆节"
"11826","31.041286","121.236497","除夕"
"11830","39.700625","113.685858","国庆节"
"11841","31.190737","121.393708","端午节"
"11843","31.301225","121.50618","平安夜"
"11851","39.659387","113.710113","国庆节"
"11854","31.0407","121.2364","中秋节"
"11857","38.647003","-9.225162","母亲节"
"11868","21.420012","109.213455","春节"
"11870","38.701155","113.113961","国庆节"
"11877","21.428467","109.230295","春节"
"11878","31.029072","121.236663","清明节"
"11885","21.035897","109.085455","春节"
"11894","31.331662","121.503297","腊八节"
"11901","31.354683","121.262153","国庆节"
"11908","31.332622","121.505347","春节"
"11910","21.410583","109.133897","春节"
"11912","39.70103","113.685822","国庆节"
"11916","38.86893","113.3871","国庆节"
"11917","31.073561","121.177895","清明节"
"11921","31.191722","121.393547","端午节"
"11923","41.395447","2.161803","劳动节"
"11948","39.013617","113.587855","国庆节"
"11949","31.236287","121.501853","国庆节"
"11956","39.660222","113.709647","国庆节"
"11958","31.072978","121.176812","国庆节"
"11959","31.185","121.461","国庆节"
"11960","37.863483","112.565383","国庆节"
"11968","21.410312","109.134392","春节"
"11977","40.107864","113.13578","国庆节"
"12000","31.037711","121.239525","中元节"
"12011","31.33365","121.504975","元旦"
"12018","31.081005","121.184228","愚人节"
"12022","31.041358","121.23635","国庆节"
"12029","31.075525","121.174338","国庆节"
"12035","21.410562","109.134186","春节"
"12036","31.185853","121.452713","国庆节"
"12055","31.04125","121.236405","中秋节"
"12057","31.185533","121.452155","国庆节"
"12062","38.701195","113.114303","国庆节"
"12065","31.33435","121.517145","元旦"
"12072","31.232883","121.49713","平安夜"
"12074","31.291608","121.412575","国庆节"
"12077","31.362888","121.185608","愚人节"
"12079","31.259512","121.574158","妇女节"
"12092","31.037833","121.235863","春节"
"12099","21.035331","109.086311","春节"
"12103","40.95678","115.418655","春节"
"12114","38.62963","113.055214","国庆节"
"12125","31.042436","121.232505","国庆节"
"12127","21.035836","109.085547","春节"
"12135","37.708258","112.43457","国庆节"
"12136","21.410312","109.134392","春节"
"12137","31.332108","121.516342","元旦"
"12145","31.041253","121.236375","中秋节"
"12150","38.722337","113.253058","国庆节"
"12156","21.0339","109.086258","春节"
"12159","31.232963","121.497222","平安夜"
"12166","31.140167","121.654838","国庆节"
"12167","31.229738","121.486297","端午节"
"12173","21.033861","109.086556","春节"
"12174","31.183338","121.450455","国庆节"
"12183","39.313355","112.425667","国庆节"
"12194","31.347438","121.24842","国庆节"
"12199","31.3335","121.504983","元旦"
"12202","31.289558","121.410933","中秋节"
"12218","31.3526","121.260855","国庆节"
"12221","31.140975","121.657403","国庆节"
"12222","37.707753","112.436347","国庆节"
"12227","37.823587","112.564972","国庆节"
"12231","40.089425","113.357895","国庆节"
"12232","31.291642","121.412492","国庆节"
"12240","38.647745","-9.224817","母亲节"
"12243","21.031344","109.106583","春节"
"12244","31.205225","121.49012","劳动节"
"12256","31.188958","121.465028","国庆节"
"12265","31.263545","121.507263","国庆节"
"12266","31.076036","121.175347","愚人节"
"12271","31.225188","121.461053","七夕节"
"12272","37.708358","112.434547","国庆节"
"12278","31.073789","121.178292","清明节"
"12294","37.708333","112.434463","国庆节"
"12308","31.0413","121.2364","中秋节"
"12313","31.186142","121.461905","国庆节"
"12314","30.58532","119.859397","情人节"
"12330","31.080939","121.184272","愚人节"
"12334","31.22843","121.48738","端午节"
"12337","37.862113","112.565925","国庆节"
"12345","40.089394","113.359633","国庆节"
"12347","40.089367","113.35923","国庆节"
"12352","21.410625","109.133775","春节"
"12353","31.23282","121.496505","平安夜"
"12354","31.227372","121.389555","愚人节"
"12357","39.70093","113.685508","国庆节"
"12360","31.232962","121.4973","平安夜"
"12362","38.629847","113.055131","国庆节"
"12364","40.107278","113.13562","国庆节"
"12366","38.630217","113.055378","国庆节"
"12371","40.946383","115.429245","春节"
"12372","38.902808","113.64283","国庆节"
"12378","31.228455","121.487337","端午节"
"12381","30.584792","119.859933","情人节"
"12385","31.33368","121.504997","平安夜"
"12398","38.902847","113.642813","国庆节"
"12402","31.032447","121.2351","中秋节"
"12405","37.705925","112.436142","国庆节"
"12408","31.040889","121.235908","七夕节"
"12411","31.0412","121.2363","国庆节"
"12430","31.331","121.512","元旦"
"12432","31.188825","121.464897","国庆节"
"12433","39.659578","113.709595","国庆节"
"12437","37.708508","112.435137","国庆节"
"12438","21.410592","109.133897","春节"
"12441","37.86198","112.565863","国庆节"
"12446","31.22887","121.48713","端午节"
"12450","31.079758","121.184197","愚人节"
"12472","39.314583","112.425413","国庆节"
"12473","31.217467","121.451637","元旦"
"12485","37.708317","112.435258","国庆节"
"12490","31.233178","121.497397","平安夜"
"12495","40.943917","115.433563","春节"
"12508","31.218338","121.560075","腊八节"
"12509","40.089417","113.357917","国庆节"
"12514","31.339233","121.509383","清明节"
"12519","31.218338","121.452287","元旦"
"12525","31.351197","121.256225","国庆节"
"12531","31.3378","121.5117","中秋节"
"12535","38.868053","113.365905","国庆节"
"12536","38.722655","113.252787","国庆节"
"12551","39.660187","113.709205","国庆节"
"12557","38.868828","113.388122","国庆节"
"12558","32.015542","120.8657","国庆节"
"12565","31.041183","121.23635","中秋节"
"12566","31.041208","121.236345","中秋节"
"12588","31.232892","121.497087","平安夜"
"12591","32.016522","120.856208","国庆节"
"12595","30.585588","119.859588","情人节"
"12601","31.352367","121.260528","国庆节"
"12605","40.107864","113.13578","国庆节"
"12609","31.18573","121.46083","国庆节"
"12625","31.333188","121.504813","国庆节"
"12630","39.659478","113.708983","国庆节"
"12646","39.699688","113.686163","国庆节"
"12652","31.074817","121.176758","清明节"
"12659","37.707753","112.436347","国庆节"
"12660","31.04125","121.236442","除夕"
"12669","21.412138","109.13498","春节"
"12670","37.824828","112.564925","国庆节"
"12676","38.629578","113.054778","国庆节"
"12685","40.091233","113.290237","国庆节"
"12689","21.543342","109.288147","春节"
"12691","31.23307","121.497362","平安夜"
"12696","21.035328","109.08632","春节"
"12699","31.2091","121.72667","春节"
"12716","31.187713","121.463142","国庆节"
"12719","31.185872","121.451387","国庆节"
"12722","30.938367","121.112975","国庆节"
"12730","31.073925","121.177138","清明节"
"12743","39.69968","113.686188","国庆节"
"12745","30.58427","119.861633","情人节"
"12750","31.18707","121.462525","国庆节"
"12754","31.218338","121.452287","元旦"
"12756","39.565255","113.182197","国庆节"
"12758","31.1849","121.4608","国庆节"
"12761","31.185858","121.460495","国庆节"
"12762","30.938058","121.113603","国庆节"
"12763","31.232953","121.497405","平安夜"
"12765","39.337483","112.540725","国庆节"
"12767","31.191733","121.393508","端午节"
"12770","37.708333","112.434538","国庆节"
"12771","31.353522","121.260833","国庆节"
"12774","31.042567","121.232422","国庆节"
"12781","21.035328","109.08632","春节"
"12783","21.032594","109.087508","春节"
"12792","31.228462","121.48728","端午节"
"12796","30.937492","121.110681","国庆节"
"12807","31.073636","121.177238","清明节"
"12818","38.629842","113.05493","国庆节"
"12828","21.403678","109.134536","春节"
"12830","37.705917","112.436158","国庆节"
"12834","37.862572","112.565947","国庆节"
"12846","38.868963","113.387992","国庆节"
"12852","21.031472","109.106308","春节"
"12853","31.267675","121.521453","除夕"
"12854","31.185537","121.452462","国庆节"
"12857","31.3472","121.248383","国庆节"
"12861","31.33173","121.517083","元旦"
"12873","40.08383","113.30082","国庆节"
"12882","31.1876","121.4612","国庆节"
"12889","31.076069","121.1811","愚人节"
"12891","31.185925","121.460092","国庆节"
"12902","31.0412","121.2363","国庆节"
"12912","31.042478","121.232528","国庆节"
"12916","37.708747","112.434913","国庆节"
"12921","32.018158","120.85623","国庆节"
"12922","40.089383","113.357947","国庆节"
"12930","38.630217","113.055378","国庆节"
"12937","31.333697","121.505037","平安夜"
"12943","40.084892","113.292603","国庆节"
"12952","38.868897","113.388017","国庆节"
"12953","31.018539","121.192742","中秋节"
"12954","38.630217","113.055378","国庆节"
"12957","21.031261","109.106589","春节"
"12961","31.333872","121.516892","元旦"
"12969","31.353517","121.262213","国庆节"
"12970","39.565238","113.182153","国庆节"
"12971","40.091311","113.287605","国庆节"
"12978","31.35368","121.260933","国庆节"
"12995","40.086283","113.293678","国庆节"
"13001","38.64737","-9.224822","母亲节"
"13002","39.229603","113.65432","国庆节"
"13004","31.073719","121.177887","清明节"
"13006","31.233125","121.497405","平安夜"
"13012","31.229728","121.486197","端午节"
"13019","37.708397","112.434608","国庆节"
"13027","39.011264","113.588837","国庆节"
"13037","31.205245","121.490112","劳动节"
"13039","31.28955","121.410805","中秋节"
"13042","31.308347","121.517205","元旦"
"13044","21.031117","109.106444","春节"
"13050","31.324903","121.50245","感恩节"
"13056","21.420387","109.212355","春节"
"13060","37.708397","112.434608","国庆节"
"13062","31.073881","121.17785","清明节"
"13064","31.029036","121.236678","清明节"
"13065","31.188837","121.464897","国庆节"
"13071","31.218338","121.452287","元旦"
"13080","31.351178","121.258942","国庆节"
"13081","31.189872","121.466592","国庆节"
"13085","31.041272","121.23645","除夕"
"13088","39.700683","113.685517","国庆节"
"13089","31.041331","121.236375","七夕节"
"13096","31.283442","121.507417","龙抬头"
"13107","30.584697","119.860092","情人节"
"13118","31.041208","121.236378","万圣夜"
"13120","39.147778","113.374145","国庆节"
"13131","31.326492","121.443283","春节"
"13135","31.291572","121.41243","国庆节"
"13138","31.354038","121.261337","国庆节"
"13141","31.333867","121.505128","龙抬头"
"13142","31.185742","121.460755","国庆节"
"13155","31.080128","121.181678","清明节"
"13160","31.04112","121.236337","中秋节"
"13161","37.709025","112.43518","国庆节"
"13169","31.191895","121.39347","端午节"
"13175","31.039911","121.236703","七夕节"
"13177","31.040519","121.254853","中元节"
"13187","40.108381","113.137886","国庆节"
"13188","39.216328","112.783037","国庆节"
"13189","39.564678","113.182","国庆节"
"13195","31.073922","121.177187","清明节"
"13202","31.041242","121.236038","中秋节"
"13206","37.861713","112.56578","国庆节"
"13215","40.091536","113.287187","国庆节"
"13227","31.3338","121.5052","国庆节"
"13237","31.331745","121.517053","元旦"
"13238","40.943917","115.433563","春节"
"13246","31.233142","121.497305","平安夜"
"13247","38.647153","-9.225575","母亲节"
"13249","21.409978","109.134347","春节"
"13256","40.089531","113.357803","国庆节"
"13258","34.98702","135.755613","情人节"
"13260","31.081272","121.183647","愚人节"
"13266","31.029072","121.236663","清明节"
"13273","31.23302","121.497467","平安夜"
"13278","31.041028","121.236167","中元节"
"13279","31.29042","121.451783","元旦"
"13282","31.185842","121.45247","国庆节"
"13284","21.031256","109.106583","春节"
"13287","31.291953","121.51857","中秋节"
"13295","31.041317","121.23638","春节"
"13300","40.081786","113.305437","国庆节"
"13307","31.336638","121.50598","清明节"
"13313","39.013617","113.587855","国庆节"
"13318","31.078792","121.176995","愚人节"
"13322","39.7007","113.685692","国庆节"
"13323","40.089439","113.357912","国庆节"
"13329","31.080764","121.183113","愚人节"
"13335","31.0413","121.2364","中秋节"
"13336","30.937412","121.111847","国庆节"
"13341","39.229405","113.654305","国庆节"
"13350","31.352528","121.261003","国庆节"
"13351","31.04125","121.236442","除夕"
"13354","31.351488","121.260453","国庆节"
"13356","31.308455","121.524155","母亲节"
"13359","39.147756","113.374","国庆节"
"13375","31.353972","121.261063","国庆节"
"13377","32.015542","120.86573","国庆节"
"13385","31.041125","121.236222","国庆节"
"13393","40.089383","113.359542","国庆节"
"13394","37.861203","112.56613","国庆节"
"13411","31.041275","121.236367","除夕"
"13415","39.660255","113.709663","国庆节"
"13422","31.041236","121.236047","中秋节"
"13423","31.073864","121.177917","愚人节"
"13426","22.2482","114.1653","感恩节"
"13433","31.291595","121.412437","国庆节"
"13434","31.344917","121.240412","国庆节"
"13443","39.659458","113.707847","国庆节"
"13444","37.708478","112.434678","国庆节"
"13447","31.333588","121.504967","国庆节"
"13455","40.089397","113.359283","国庆节"
"13456","40.946412","115.429292","春节"
"13462","31.182062","121.488922","劳动节"
"13466","31.283442","121.507417","龙抬头"
"13475","21.031272","109.106597","春节"
"13476","40.107864","113.13578","国庆节"
"13487","31.183925","121.460122","国庆节"
"13491","40.089394","113.357942","国庆节"
"13492","39.700917","113.68557","国庆节"
"13500","31.218338","121.452287","元旦"
"13504","40.107864","113.13578","国庆节"
"13506","31.228813","121.486725","端午节"
"13519","31.228837","121.486687","端午节"
"13520","31.333133","121.51648","元旦"
"13524","31.075358","121.181062","愚人节"
"13540","39.564933","113.181738","国庆节"
"13545","39.229838","113.65428","国庆节"
"13552","31.227342","121.389497","愚人节"
"13574","31.353895","121.260995","国庆节"
"13575","37.824663","112.565362","国庆节"
"13582","31.233233","121.497038","平安夜"
"13586","31.333592","121.516853","元旦"
"13588","31.301445","121.508658","清明节"
"13591","22.247578","114.165567","感恩节"
"13595","39.660053","113.709228","国庆节"
"13611","21.410312","109.134392","春节"
"13613","31.185578","121.460778","国庆节"
"13631","39.013617","113.587855","国庆节"
"13637","31.185908","121.459945","国庆节"
"13644","40.107864","113.13578","国庆节"
"13645","37.861695","112.56575","国庆节"
"13659","31.185745","121.452255","国庆节"
"13664","31.333697","121.50502","平安夜"
"13686","40.943913","115.431633","春节"
"13689","38.868867","113.387987","国庆节"
"13696","39.7007","113.685692","国庆节"
"13699","37.708387","112.434508","国庆节"
"13709","31.185808","121.45243","国庆节"
"13712","31.076125","121.181153","愚人节"
"13715","30.58545","119.859603","情人节"
"13719","21.410592","109.133881","春节"
"13731","34.986733","135.755525","情人节"
"13735","37.733788","112.58857","母亲节"
"13736","31.23318","121.497488","平安夜"
"13740","21.034455","109.086861","春节"
"13741","37.861775","112.565933","国庆节"
"13750","38.647372","-9.22503","母亲节"
"13753","38.63028","113.055389","国庆节"
"13755","31.003569","121.226045","国庆节"
"13756","40.089383","113.35807","国庆节"
"13762","31.19133","121.39347","端午节"
"13763","39.659553","113.708245","国庆节"
"13765","31.32857","121.503953","腊八节"
"13768","31.200303","121.479233","劳动节"
"13771","40.084808","113.300628","国庆节"
"13775","31.233142","121.497453","平安夜"
"13787","37.707795","112.436378","国庆节"
"13789","37.708275","112.434442","国庆节"
"13794","31.352117","121.260413","国庆节"
"13805","31.041269","121.236488","除夕"
"13806","31.043939","121.234262","清明节"
"13812","31.042281","121.243637","重阳节"
"13816","31.0557","121.1869","国庆节"
"13820","30.193067","109.45067","父亲节"
"13828","31.228517","121.48725","端午节"
"13830","30.937022","121.111511","国庆节"
"13843","31.190308","121.466087","国庆节"
"13849","31.230112","121.493788","劳动节"
"13853","31.3319","121.5032","端午节"
"13856","31.041358","121.236228","除夕"
"13858","31.22048","121.443292","春节"
"13859","39.229497","113.653388","国庆节"
"13860","39.660325","113.709738","国庆节"
"13867","31.185047","121.451997","国庆节"
"13888","31.041161","121.23638","国庆节"
"13893","31.187487","121.462713","国庆节"
"13897","40.089439","113.357987","国庆节"
"13901","31.039108","121.235687","春节"
"13904","31.33435","121.517145","元旦"
"13906","39.660708","113.708962","国庆节"
"13908","31.228512","121.487258","端午节"
"13911","31.205225","121.49012","劳动节"
"13914","31.041161","121.236437","愚人节"
"13923","39.65908","113.708175","国庆节"
"13937","31.218338","121.452287","元旦"
"13952","31.14093","121.657112","国庆节"
"13958","31.041145","121.236305","中秋节"
"13961","40.091697","113.290153","国庆节"
"13963","38.629787","113.054986","国庆节"
"13964","21.034969","109.086656","春节"
"13970","31.041242","121.236428","除夕"
"13983","31.041217","121.236267","中秋节"
"14001","38.86903","113.38565","国庆节"
"14004","40.107864","113.13578","国庆节"
"14006","31.080167","121.18463","国庆节"
"14017","40.086014","113.294005","国庆节"
"14025","31.041317","121.23638","除夕"
"14029","31.075333","121.17405","国庆节"
"14034","31.952275","120.882287","国庆节"
"14038","31.04118","121.23638","春节"
"14042","31.227322","121.389397","愚人节"
"14045","31.041108","121.236375","春节"
"14055","31.232967","121.49713","平安夜"
"14058","31.146225","121.50618","除夕"
"14070","31.0556","121.1869","国庆节"
"14074","25.044803","102.699638","春节"
"14077","21.035328","109.08632","春节"
"14078","31.332797","121.516228","元旦"
"14084","31.041139","121.236328","端午节"
"14093","31.331708","121.516013","元旦"
"14109","21.410312","109.134392","春节"
"14110","21.031261","109.106589","春节"
"14123","37.708747","112.434595","国庆节"
"14124","37.708213","112.434555","国庆节"
"14125","31.185513","121.451088","国庆节"
"14127","40.089367","113.357955","国庆节"
"14129","37.708683","112.434387","国庆节"
"14130","21.030431","109.099517","春节"
"14135","31.018469","121.192908","中秋节"
"14137","40.107864","113.13578","国庆节"
"14141","31.333958","121.517037","元旦"
"14166","21.032386","109.087836","春节"
"14170","30.284875","109.518638","父亲节"
"14177","37.708378","112.435263","国庆节"
"14178","39.70095","113.685683","国庆节"
"14183","31.075786","121.1734","国庆节"
"14185","37.8616","112.565917","国庆节"
"14186","39.313488","112.425697","国庆节"
"14187","31.332797","121.516228","元旦"
"14198","30.937155","121.112595","国庆节"
"14203","21.033883","109.086464","春节"
"14207","31.339242","121.509392","植树节"
"14216","31.233063","121.497362","平安夜"
"14221","21.410312","109.134392","春节"
"14227","21.032594","109.087617","春节"
"14234","31.041255","121.236367","国庆节"
"14240","31.080897","121.183563","愚人节"
"14245","40.089369","113.359612","国庆节"
"14246","30.189953","109.450103","父亲节"
"14253","31.142119","121.657883","国庆节"
"14264","31.041236","121.236047","中秋节"
"14266","31.333758","121.504638","端午节"
"14267","31.080647","121.182367","愚人节"
"14271","31.185278","121.460967","国庆节"
"14275","31.333633","121.504983","元旦"
"14285","40.090708","113.290475","国庆节"
"14289","39.565055","113.182013","国庆节"
"14290","30.937987","121.113403","国庆节"
"14303","21.410613","109.133781","春节"
"14307","38.722625","113.253097","国庆节"
"14312","39.700642","113.685775","国庆节"
"14318","31.073683","121.178938","清明节"
"14319","31.042564","121.2436","重阳节"
"14328","37.708267","112.434892","国庆节"
"14330","31.333605","121.516967","元旦"
"14346","30.937158","121.112611","国庆节"
"14347","38.868978","113.386978","国庆节"
"14353","31.168888","121.429658","国庆节"
"14359","31.229288","121.48655","端午节"
"14362","31.347572","121.248345","国庆节"
"14369","31.073689","121.177247","清明节"
"14370","37.861713","112.565712","国庆节"
"14371","39.314013","112.425622","国庆节"
"14382","40.109114","113.120531","国庆节"
"14387","31.073292","121.177147","春节"
"14399","31.0407","121.23613","愚人节"
"14403","31.331767","121.516555","元旦"
"14408","39.013617","113.587855","国庆节"
"14416","31.185663","121.4523","国庆节"
"14421","31.352428","121.258675","国庆节"
"14424","39.70095","113.68577","国庆节"
"14432","39.65982","113.70903","国庆节"
"14434","38.629597","113.055245","国庆节"
"14437","40.089397","113.357942","国庆节"
"14438","31.042144","121.355338","国庆节"
"14440","30.232455","109.488013","父亲节"
"14442","31.23292","121.497162","平安夜"
"14461","37.708195","112.434525","国庆节"
"14462","24.917878","102.461983","植树节"
"14484","39.700917","113.68557","国庆节"
"14489","21.419863","109.21447","春节"
"14492","31.041117","121.236367","国庆节"
"14500","31.341733","121.239412","国庆节"
"14505","40.107278","113.13562","国庆节"
"14506","31.041217","121.23638","中秋节"
"14512","37.86193","112.565855","国庆节"
"14514","39.229703","113.654245","国庆节"
"14516","21.033908","109.08625","春节"
"14519","31.353105","121.260588","国庆节"
"14520","39.56467","113.182245","国庆节"
"14522","38.700875","113.114014","国庆节"
"14526","30.938275","121.112678","国庆节"
"14527","39.70103","113.685683","国庆节"
"14531","21.035667","109.085792","春节"
"14544","37.824647","112.565383","国庆节"
"14546","40.089369","113.357872","国庆节"
"14547","31.073714","121.178938","清明节"
"14549","31.2182","121.4525","元旦"
"14557","39.700683","113.685517","国庆节"
"14562","39.565078","113.182258","国庆节"
"14564","31.041283","121.236488","中元节"
"14576","40.091767","113.289887","国庆节"
"14578","31.073875","121.177637","清明节"
"14582","40.089272","113.358803","国庆节"
"14584","21.43355","109.231742","春节"
"14585","31.228545","121.487267","端午节"
"14590","31.068489","121.239075","元宵节"
"14604","31.041236","121.236288","中秋节"
"14606","38.629608","113.0552","国庆节"
"14627","31.341525","121.492163","龙抬头"
"14629","31.074658","121.176995","清明节"
"14630","31.04125","121.236405","中秋节"
"14634","21.19758","109.112847","春节"
"14637","31.218338","121.452287","元旦"
"14643","39.700717","113.68592","国庆节"
"14646","37.708442","112.435342","国庆节"
"14648","40.107281","113.134811","国庆节"
"14652","38.630217","113.055378","国庆节"
"14654","30.9369","121.111297","国庆节"
"14655","21.035761","109.085647","春节"
"14675","31.041245","121.236397","除夕"
"14683","37.863388","112.565422","国庆节"
"14693","38.869","113.387375","国庆节"
"14700","31.190588","121.466003","国庆节"
"14710","31.218338","121.560075","腊八节"
"14723","40.089336","113.358772","国庆节"
"14724","38.869012","113.387153","国庆节"
"14727","31.354467","121.261933","国庆节"
"14728","21.030986","109.103997","春节"
"14730","31.140292","121.654778","国庆节"
"14737","39.659112","113.708237","国庆节"
"14739","21.410312","109.134392","春节"
"14741","40.943925","115.433487","春节"
"14742","31.073694","121.178963","清明节"
"14743","38.868933","113.3871","国庆节"
"14745","40.089419","113.357925","国庆节"
"14746","31.3314","121.5033","端午节"
"14751","37.863997","112.564933","国庆节"
"14755","38.647213","-9.225828","母亲节"
"14761","39.660145","113.709213","国庆节"
"14763","31.29042","121.451583","元旦"
"14765","21.433603","109.231117","春节"
"14768","39.564708","113.182053","国庆节"
"14769","31.073772","121.1782","清明节"
"14770","31.182422","121.461342","国庆节"
"14771","31.206245","121.407678","国庆节"
"14773","40.107864","113.13578","国庆节"
"14788","37.861797","112.565812","国庆节"
"14790","31.183497","121.450492","国庆节"
"14791","31.308355","121.517228","元旦"
"14805","31.22845","121.487183","端午节"
"14812","31.952253","120.883042","国庆节"
"14814","39.565362","113.18197","国庆节"
"14818","39.662288","113.708047","国庆节"
"14820","39.314113","112.425728","国庆节"
"14827","31.20525","121.49015","劳动节"
"14838","37.708333","112.435447","国庆节"
"14875","37.708388","112.435197","国庆节"
"14878","37.708333","112.434463","国庆节"
"14885","40.089367","113.357955","国庆节"
"14888","37.8633","112.565537","国庆节"
"14892","31.350953","121.256547","国庆节"
"14903","39.66012","113.709342","国庆节"
"14905","40.091586","113.286667","国庆节"
"14906","21.056889","109.088242","春节"
"14908","31.081186","121.184088","愚人节"
"14917","31.080264","121.184295","愚人节"
"14922","31.07312","121.177108","春节"
"14926","21.429472","109.230758","春节"
"14927","21.410238","109.134644","春节"
"14928","39.314095","112.425745","国庆节"
"14929","38.895488","113.65248","国庆节"
"14930","31.351195","121.256263","国庆节"
"14934","31.301225","121.50618","平安夜"
"14942","31.041236","121.236288","中秋节"
"14948","31.041436","121.23632","七夕节"
"14954","39.659937","113.710455","国庆节"
"14973","39.148067","113.373962","国庆节"
"14979","38.629578","113.055275","国庆节"
"14986","39.313797","112.425483","国庆节"
"14989","31.073253","121.1772","春节"
"14993","38.629867","113.054847","国庆节"
"14995","39.701033","113.68567","国庆节"
"15007","39.6589","113.708008","国庆节"
"15016","31.336508","121.506517","清明节"
"15018","31.041286","121.236497","除夕"
"15025","40.086314","113.293572","国庆节"
"15032","38.868847","113.386445","国庆节"
"15056","37.861755","112.565947","国庆节"
"15059","40.943917","115.433563","春节"
"15063","39.564737","113.181908","国庆节"
"15068","31.333037","121.51632","元旦"
"15069","39.337442","112.541092","国庆节"
"15071","21.033778","109.0866","春节"
"15073","31.333528","121.504967","元旦"
"15076","31.07492","121.173408","国庆节"
"15095","31.227342","121.488205","端午节"
"15110","40.107864","113.13578","国庆节"
"15129","31.044236","121.234847","春节"
"15133","31.075019","121.173538","国庆节"
"15138","39.701063","113.685495","国庆节"
"15139","38.701228","113.113945","国庆节"
"15145","31.040503","121.254805","中元节"
"15147","40.109122","113.120708","国庆节"
"15157","21.034455","109.086861","春节"
"15161","40.1091","113.120636","国庆节"
"15182","39.563592","113.181908","国庆节"
"15201","31.228525","121.487267","端午节"
"15202","39.659508","113.709053","国庆节"
"15212","31.33337","121.50547","国庆节"
"15214","21.410312","109.134506","春节"
"15221","31.267722","121.521637","除夕"
"15231","31.073158","121.177078","春节"
"15234","38.62968","113.054895","国庆节"
"15237","39.70067","113.68515","国庆节"
"15241","31.048617","121.292397","清明节"
"15242","31.291612","121.412467","国庆节"
"15248","31.191538","121.39367","端午节"
"15266","40.107864","113.13578","国庆节"
"15272","40.107864","113.13578","国庆节"
"15274","40.107864","113.13578","国庆节"
"15278","30.937988","121.1139","国庆节"
"15284","40.109122","113.120597","国庆节"
"15289","40.107864","113.13578","国庆节"
"15297","31.08068","121.183137","愚人节"
"15306","30.585045","119.859855","情人节"
"15307","40.107864","113.13578","国庆节"
"15313","31.352125","121.260597","国庆节"
"15319","31.332272","121.51718","元旦"
"15325","31.344863","121.240228","国庆节"
"15328","39.147536","113.373992","国庆节"
"15345","21.433583","109.231912","春节"
"15348","31.04125","121.236405","中秋节"
"15350","31.07387","121.177872","清明节"
"15372","39.70073","113.685775","国庆节"
"15374","21.406605","109.133636","春节"
"15381","31.041231","121.236053","中秋节"
"15384","38.6475","-9.22465","母亲节"
"15392","31.073764","121.178367","清明节"
"15402","31.075245","121.173225","国庆节"
"15408","31.073636","121.178947","清明节"
"15441","31.232822","121.497155","平安夜"
"15448","31.142183","121.657692","国庆节"
"15450","30.584878","119.860267","情人节"
"15455","38.647205","-9.225753","母亲节"
"15456","31.041317","121.23638","春节"
"15461","31.362787","121.185647","清明节"
"15462","40.942678","115.42923","春节"
"15479","31.351313","121.257775","国庆节"
"15481","31.291612","121.412467","国庆节"
"15489","39.700763","113.6856","国庆节"
"15490","39.013617","113.587855","国庆节"
"15491","40.088414","113.282463","国庆节"
"15500","21.034492","109.086961","春节"
"15506","39.564742","113.18222","国庆节"
"15517","31.041145","121.236253","七夕节"
"15520","39.660163","113.709137","国庆节"
"15527","31.039931","121.236663","七夕节"
"15529","39.314012","112.425645","国庆节"
"15530","21.41058","109.133911","春节"
"15533","31.263497","121.507522","国庆节"
"15534","40.089397","113.357942","国庆节"
"15536","37.708275","112.434442","国庆节"
"15537","39.314092","112.425728","国庆节"
"15539","38.86908","113.387795","国庆节"
"15540","39.013617","113.587855","国庆节"
"15543","21.410312","109.134392","春节"
"15553","21.433553","109.231895","春节"
"15554","21.033453","109.087281","春节"
"15557","40.106914","113.137178","国庆节"
"15561","21.410322","109.134475","春节"
"15566","41.386958","2.170225","劳动节"
"15570","31.333613","121.504433","端午节"
"15574","40.945837","115.429505","春节"
"15581","38.86903","113.385642","国庆节"
"15587","39.013617","113.587855","国庆节"
"15597","37.708253","112.435578","国庆节"
"15602","38.62967","113.055114","国庆节"
"15606","31.223647","121.449897","国庆节"
"15618","40.109122","113.120708","国庆节"
"15621","38.630217","113.055378","国庆节"
"15624","31.041242","121.236647","元旦"
"15629","30.297512","109.529578","父亲节"
"15631","31.2252","121.461","七夕节"
"15633","39.314117","112.425737","国庆节"
"15641","31.33412","121.50518","清明节"
"15646","37.861705","112.56575","国庆节"
"15648","37.861195","112.566038","国庆节"
"15655","31.344878","121.240517","国庆节"
"15665","40.091519","113.287483","国庆节"
"15673","31.041272","121.23645","除夕"
"15676","31.074647","121.177003","清明节"
"15679","31.04115","121.236328","白色情人节"
"15688","31.22843","121.487305","端午节"
"15693","21.0339","109.086272","春节"
"15698","21.420062","109.213708","春节"
"15723","30.234245","109.489242","父亲节"
"15730","40.954853","115.42633","春节"
"15732","31.073728","121.177758","清明节"
"15749","39.008761","113.589492","国庆节"
"15762","21.41143","109.134833","春节"
"15772","38.868892","113.38697","国庆节"
"15780","31.18695","121.462172","国庆节"
"15784","21.433487","109.23198","春节"
"15787","31.073917","121.177187","清明节"
"15789","21.433528","109.23095","春节"
"15792","37.708613","112.434503","国庆节"
"15804","37.82417","112.574722","国庆节"
"15807","31.311633","121.521478","情人节"
"15809","31.073058","121.17682","国庆节"
"15812","31.227342","121.389497","愚人节"
"15813","31.041375","121.236388","七夕节"
"15815","31.03932","121.236962","元旦"
"15818","31.041145","121.236305","春节"
"15829","21.031164","109.1062","春节"
"15832","31.230597","121.493675","劳动节"
"15842","40.090964","113.290092","国庆节"
"15843","31.041178","121.236288","中秋节"
"15849","38.630217","113.055378","国庆节"
"15851","40.107864","113.13578","国庆节"
"15852","31.039983","121.236725","七夕节"
"15857","39.659578","113.709595","国庆节"
"15864","31.188117","121.463813","国庆节"
"15869","38.701287","113.113883","国庆节"
"15880","21.429595","109.133317","春节"
"15891","40.089394","113.357955","国庆节"
"15893","31.041211","121.236288","中元节"
"15897","30.936858","121.111472","国庆节"
"15901","24.918178","102.465637","植树节"
"15903","40.091155","113.287995","国庆节"
"15911","38.869008","113.387642","国庆节"
"15919","24.918083","102.46592","植树节"
"15930","40.084939","113.290038","国庆节"
"15935","39.660142","113.709237","国庆节"
"15947","31.344645","121.240197","国庆节"
"15964","21.410642","109.134597","春节"
"15969","39.229375","113.653572","国庆节"
"15982","30.938305","121.112939","国庆节"
"15996","31.0557","121.1868","国庆节"
"15997","31.041169","121.236258","端午节"
"16008","24.918388","102.465447","植树节"
"16012","39.314095","112.425745","国庆节"
"16020","31.073719","121.178938","清明节"
"16026","30.23455","109.489455","父亲节"
"16028","21.424262","109.13585","春节"
"16033","31.073881","121.17785","清明节"
"16037","21.41057","109.134108","春节"
"16046","31.333628","121.504983","端午节"
"16051","30.196547","109.451325","父亲节"
"16055","37.708663","112.434837","国庆节"
"16060","30.937425","121.110864","国庆节"
"16063","39.659528","113.70897","国庆节"
"16066","40.090686","113.29048","国庆节"
"16069","37.708462","112.434687","国庆节"
"16074","31.353912","121.260063","国庆节"
"16097","31.025864","121.250655","白色情人节"
"16098","37.86197","112.565903","国庆节"
"16100","31.2252","121.4609","七夕节"
"16105","31.22512","121.448563","国庆节"
"16116","31.227433","121.389733","愚人节"
"16118","39.013617","113.587855","国庆节"
"16130","31.041414","121.236337","感恩节"
"16141","38.701237","113.113945","国庆节"
"16150","40.089394","113.357942","国庆节"
"16151","31.232897","121.497475","平安夜"
"16153","21.42963","109.133361","春节"
"16156","31.362705","121.185858","清明节"
"16169","37.862125","112.565842","国庆节"
"16171","21.410622","109.133828","春节"
"16175","21.429633","109.133439","春节"
"16184","31.232758","121.497262","平安夜"
"16189","40.943925","115.429962","春节"
"16199","37.824828","112.564925","国庆节"
"16203","31.041136","121.236258","端午节"
"16209","31.188162","121.463813","国庆节"
"16225","21.42603","109.13205","春节"
"16226","31.259358","121.574212","妇女节"
"16239","31.233305","121.497108","平安夜"
"16241","39.313713","112.425575","国庆节"
"16243","31.291625","121.412575","国庆节"
"16251","31.218338","121.452287","元旦"
"16254","31.33402","121.504203","元旦"
"16258","21.033905","109.086381","春节"
"16259","38.62968","113.055253","国庆节"
"16262","39.313355","112.425737","国庆节"
"16277","31.223225","121.450508","除夕"
"16283","39.314137","112.425728","国庆节"
"16288","31.362738","121.185662","愚人节"
"16291","21.410312","109.134392","春节"
"16314","31.143167","121.656472","国庆节"
"16322","31.040542","121.254862","中元节"
"16325","21.025967","109.086861","春节"
"16334","31.362847","121.1856","愚人节"
"16337","40.089408","113.357947","国庆节"
"16339","40.107864","113.13578","国庆节"
"16345","31.041358","121.236228","除夕"
"16361","31.308355","121.517228","元旦"
"16369","31.353528","121.263687","国庆节"
"16376","30.19687","109.451355","父亲节"
"16380","31.043683","121.234475","中元节"
"16392","37.708703","112.434342","国庆节"
"16394","31.141439","121.658195","国庆节"
"16395","39.7005","113.685883","国庆节"
"16407","21.030708","109.102194","春节"
"16421","30.937922","121.113281","国庆节"
"16426","30.584988","119.86017","情人节"
"16429","38.86895","113.387122","国庆节"
"16431","40.088547","113.288803","国庆节"
"16432","31.185355","121.460908","国庆节"
"16435","31.041058","121.23635","中秋节"
"16471","31.075403","121.174172","国庆节"
"16489","31.333188","121.51648","元旦"
"16490","39.013617","113.587855","国庆节"
"16494","31.040742","121.236153","愚人节"
"16509","31.080892","121.184097","愚人节"
"16519","38.902408","113.643158","国庆节"
"16524","31.2252","121.4609","七夕节"
"16527","39.7004","113.684233","国庆节"
"16540","31.073842","121.17717","愚人节"
"16542","37.734497","112.594712","母亲节"
"16552","40.107278","113.13562","国庆节"
"16558","37.708367","112.434563","国庆节"
"16566","30.584513","119.86113","情人节"
"16569","38.869278","113.38787","国庆节"
"16572","39.013617","113.587855","国庆节"
"16576","39.314095","112.425667","国庆节"
"16578","38.701397","113.113844","国庆节"
"16581","31.305345","121.509392","七夕节"
"16583","21.410592","109.133897","春节"
"16591","31.3516","121.259912","国庆节"
"16616","31.075281","121.175147","国庆节"
"16619","21.410312","109.134392","春节"
"16625","31.078792","121.177017","愚人节"
"16627","31.042217","121.232528","国庆节"
"16632","31.07413","121.176055","清明节"
"16635","21.414517","109.136292","春节"
"16640","21.410633","109.13385","春节"
"16643","31.302417","121.51448","教师节"
"16649","31.33448","121.50312","五四青年节"
"16651","40.089378","113.359245","国庆节"
"16658","37.70842","112.435233","国庆节"
"16664","31.039242","121.235987","端午节"
"16670","40.107864","113.13578","国庆节"
"16675","40.107864","113.13578","国庆节"
"16677","40.107864","113.13578","国庆节"
"16683","21.420017","109.213587","春节"
"16684","38.872433","113.69925","国庆节"
"16687","31.040939","121.236337","中秋节"
"16690","31.3319","121.5032","端午节"
"16693","39.013617","113.587855","国庆节"
"16698","31.33365","121.504975","元旦"
"16704","31.952233","120.886367","国庆节"
"16713","31.402538","121.489167","春节"
"16718","21.410625","109.133775","春节"
"16719","21.031528","109.106186","春节"
"16721","31.075261","121.173003","国庆节"
"16722","21.035903","109.08545","春节"
"16725","31.333797","121.516945","元旦"
"16731","38.86903","113.38793","国庆节"
"16733","40.1091","113.120636","国庆节"
"16734","21.410583","109.133897","春节"
"16738","40.091514","113.287728","国庆节"
"16740","21.032594","109.087508","春节"
"16744","39.313495","112.425688","国庆节"
"16750","39.013617","113.587855","国庆节"
"16754","31.041303","121.236472","除夕"
"16763","40.10835","113.137939","国庆节"
"16768","21.031261","109.106583","春节"
"16771","31.3511","121.257605","国庆节"
"16777","38.630217","113.055378","国庆节"
"16778","31.23298","121.497275","平安夜"
"16780","31.0412","121.2363","国庆节"
"16787","38.701412","113.114189","国庆节"
"16793","31.335503","121.505753","国庆节"
"16798","31.044231","121.234712","清明节"
"16803","40.109122","113.120708","国庆节"
"16813","21.410312","109.134392","春节"
"16831","31.041283","121.236388","七夕节"
"16841","31.0557","121.1869","国庆节"
"16844","40.089461","113.357895","国庆节"
"16849","30.937087","121.111131","国庆节"
"16852","31.333528","121.504988","元旦"
"16855","31.042503","121.23243","国庆节"
"16859","40.090692","113.29048","国庆节"
"16868","31.347347","121.24845","国庆节"
"16880","40.089383","113.357947","国庆节"
"16893","31.228483","121.487162","端午节"
"16894","39.011489","113.588775","国庆节"
"16896","31.041255","121.236472","除夕"
"16898","31.218338","121.452287","元旦"
"16906","31.306097","121.504897","中秋节"
"16907","31.331453","121.503425","端午节"
"16919","39.66032","113.709695","国庆节"
"16920","40.085608","113.293678","国庆节"
"16926","40.089436","113.357903","国庆节"
"16927","21.404062","109.135192","春节"
"16933","21.031522","109.106195","春节"
"16953","40.089383","113.357947","国庆节"
"16960","31.029036","121.236678","清明节"
"16963","31.044122","121.234528","中元节"
"16968","31.259512","121.574158","妇女节"
"16973","31.184953","121.452828","国庆节"
"16976","40.090528","113.288238","国庆节"
"16990","31.041161","121.236375","中秋节"
"17018","39.660437","113.709153","国庆节"
"17029","40.107864","113.13578","国庆节"
"17030","21.035239","109.086464","春节"
"17031","37.709025","112.43518","国庆节"
"17033","31.352097","121.260558","国庆节"
"17038","40.089397","113.3593","国庆节"
"17045","22.7681","100.978905","建党节"
"17048","39.700295","113.685875","国庆节"
"17060","39.70102","113.685547","国庆节"
"17065","38.86893","113.3871","国庆节"
"17066","31.352503","121.26078","国庆节"
"17067","31.041208","121.236388","万圣夜"
"17076","40.107864","113.13578","国庆节"
"17077","31.359645","121.178833","清明节"
"17078","31.041192","121.236305","中秋节"
"17091","31.041169","121.236305","中秋节"
"17095","40.088622","113.356605","国庆节"
"17106","39.660238","113.709222","国庆节"
"17107","39.013617","113.587855","国庆节"
"17109","40.085695","113.293678","国庆节"
"17124","30.207447","109.451845","父亲节"
"17134","31.184145","121.460425","国庆节"
"17138","24.917847","102.462487","植树节"
"17147","39.203628","112.772942","国庆节"
"17152","31.352203","121.258933","国庆节"
"17153","31.073222","121.17713","清明节"
"17156","40.090522","113.288253","国庆节"
"17161","39.700928","113.685647","国庆节"
"17164","21.410238","109.134644","春节"
"17166","31.291645","121.412605","国庆节"
"17170","21.421103","109.124986","春节"
"17171","37.793842","112.546203","国庆节"
"17192","31.185805","121.452417","国庆节"
"17193","21.421962","109.140503","春节"
"17196","31.1912","121.3938","端午节"
"17203","31.04118","121.236397","元旦"
"17206","31.183445","121.450517","国庆节"
"17210","31.041245","121.236458","除夕"
"17213","31.042453","121.232522","国庆节"
"17214","38.701267","113.113883","国庆节"
"17217","39.011439","113.588762","国庆节"
"17222","21.033905","109.086381","春节"
"17224","38.647797","-9.224162","母亲节"
"17230","39.148064","113.373962","国庆节"
"17247","40.943917","115.433563","春节"
"17253","39.700683","113.685517","国庆节"
"17261","21.41063","109.133775","春节"
"17264","39.329505","112.412995","国庆节"
"17276","31.075194","121.170425","国庆节"
"17284","31.025875","121.250678","白色情人节"
"17285","31.038247","121.236763","国庆节"
"17289","31.04125","121.236442","除夕"
"17296","31.2286","121.487275","端午节"
"17301","39.336978","112.546578","国庆节"
"17302","31.04125","121.236405","中秋节"
"17306","37.861697","112.565895","国庆节"
"17308","40.091553","113.287605","国庆节"
"17319","31.333797","121.516945","元旦"
"17331","31.040019","121.214958","国庆节"
"17338","39.008694","113.589775","国庆节"
"17340","31.073708","121.177772","清明节"
"17342","40.089347","113.358078","国庆节"
"17360","39.661125","113.70877","国庆节"
"17363","21.410312","109.134392","春节"
"17364","40.089425","113.357895","国庆节"
"17367","38.869038","113.387178","国庆节"
"17371","21.030956","109.103339","春节"
"17373","40.089397","113.357942","国庆节"
"17377","40.089428","113.357887","国庆节"
"17378","37.708687","112.434762","国庆节"
"17380","40.943917","115.433563","春节"
"17381","31.333738","121.504953","春节"
"17385","40.091839","113.290062","国庆节"
"17387","31.200303","121.479233","劳动节"
"17396","31.073858","121.177178","愚人节"
"17398","31.142222","121.657592","国庆节"
"17400","31.185417","121.460862","国庆节"
"17401","40.085097","113.293525","国庆节"
"17403","31.185672","121.46","国庆节"
"17416","31.041197","121.236405","中秋节"
"17421","30.23792","109.491813","父亲节"
"17429","31.2329","121.497162","平安夜"
"17430","31.308892","121.515083","元旦"
"17433","31.35343","121.260628","国庆节"
"17435","21.421908","109.140564","春节"
"17436","31.33122","121.503258","春节"
"17439","40.109114","113.120531","国庆节"
"17447","31.333622","121.516922","元旦"
"17452","40.107864","113.13578","国庆节"
"17453","40.107389","113.122606","国庆节"
"17456","31.041261","121.236405","除夕"
"17464","31.080783","121.18312","愚人节"
"17470","31.031083","121.23545","清明节"
"17474","38.646963","-9.225163","母亲节"
"17478","37.708345","112.434547","国庆节"
"17483","31.041272","121.236358","除夕"
"17489","32.011517","120.8591","国庆节"
"17490","31.143097","121.656387","国庆节"
"17498","39.013617","113.587855","国庆节"
"17508","31.333697","121.505042","平安夜"
"17509","31.333958","121.517137","元旦"
"17514","31.073675","121.178887","清明节"
"17515","30.214325","109.449255","父亲节"
"17526","31.04125","121.236405","中秋节"
"17540","38.869012","113.38772","国庆节"
"17546","38.701205","113.114045","国庆节"
"17547","38.722488","113.253045","国庆节"
"17554","21.031364","109.106195","春节"
"17563","31.042467","121.232492","国庆节"
"17566","37.708308","112.435495","国庆节"
"17572","40.946117","115.430192","春节"
"17573","39.229192","113.652795","国庆节"
"17581","31.04125","121.23603","中秋节"
"17611","31.354792","121.26203","国庆节"
"17615","31.331755","121.503288","端午节"
"17623","21.031517","109.106195","春节"
"17626","39.313412","112.425597","国庆节"
"17637","31.035367","121.196595","春节"
"17642","31.218322","121.560045","腊八节"
"17646","31.073853","121.17788","清明节"
"17647","21.410863","109.134889","春节"
"17649","31.354792","121.26203","国庆节"
"17653","39.011289","113.588867","国庆节"
"17654","31.301225","121.50618","平安夜"
"17659","31.233147","121.497047","平安夜"
"17661","40.107772","113.136733","国庆节"
"17668","31.228567","121.487267","端午节"
"17670","31.332713","121.516097","元旦"
"17672","40.089397","113.358038","国庆节"
"17685","31.080361","121.1846","国庆节"
"17692","30.24067","109.493697","父亲节"
"17727","40.109122","113.120708","国庆节"
"17736","31.332688","121.504562","国庆节"
"17737","31.185812","121.452562","国庆节"
"17738","39.229497","113.653388","国庆节"
"17743","31.0412","121.2363","国庆节"
"17747","21.433613","109.231103","春节"
"17751","21.410312","109.134392","春节"
"17753","31.075136","121.17382","国庆节"
"17755","31.218338","121.452287","元旦"
"17764","39.659078","113.708197","国庆节"
"17771","30.938313","121.112983","国庆节"
"17784","38.869255","113.387787","国庆节"
"17788","39.013617","113.587855","国庆节"
"17790","31.236372","121.501512","国庆节"
"17792","31.026808","121.252167","白色情人节"
"17794","21.033905","109.086242","春节"
"17800","22.247658","114.165306","感恩节"
"17805","31.041236","121.236047","中秋节"
"17809","30.584697","119.860092","情人节"
"17831","31.22995","121.485787","端午节"
"17832","21.410312","109.134392","春节"
"17837","31.073608","121.177825","清明节"
"17843","31.07368","121.178938","愚人节"
"17860","38.701417","113.113792","国庆节"
"17862","31.333703","121.505042","平安夜"
"17867","40.089394","113.357942","国庆节"
"17869","30.584755","119.859938","情人节"
"17876","38.985808","113.562203","国庆节"
"17877","37.708367","112.434563","国庆节"
"17888","38.70115","113.113992","国庆节"
"17890","37.86258","112.565912","国庆节"
"17894","31.073714","121.17813","清明节"
"17906","39.5636","113.181945","国庆节"
"17909","31.327417","121.504233","腊八节"
"17910","39.700712","113.685683","国庆节"
"17929","39.216525","112.783203","国庆节"
"17931","31.073683","121.178938","清明节"
"17933","31.040295","121.236678","元旦"
"17945","21.031261","109.106589","春节"
"17954","38.647655","-9.22473","母亲节"
"17978","40.089436","113.357933","国庆节"
"17993","21.03107","109.087264","春节"
"18000","21.0339","109.086272","春节"
"18007","38.647617","-9.22475","母亲节"
"18011","31.073875","121.1781","清明节"
"18018","31.233508","121.497445","劳动节"
"18020","37.734505","112.590697","母亲节"
"18023","37.861225","112.566125","国庆节"
"18024","31.353862","121.260383","国庆节"
"18026","31.081292","121.183608","愚人节"
"18027","31.146225","121.50618","除夕"
"18028","31.042636","121.232545","国庆节"
"18037","40.089378","113.357942","国庆节"
"18038","40.107864","113.13578","国庆节"
"18043","39.660587","113.709672","国庆节"
"18052","40.107125","113.137161","国庆节"
"18054","21.420028","109.213547","春节"
"18062","39.659438","113.708328","国庆节"
"18063","37.824828","112.564925","国庆节"
"18064","31.233125","121.497733","平安夜"
"18065","22.248122","114.165236","感恩节"
"18073","31.0402","121.216775","端午节"
"18078","39.218922","112.784233","国庆节"
"18100","31.042889","121.23548","春节"
"18108","37.708283","112.434745","国庆节"
"18109","21.433583","109.23123","春节"
"18112","37.70845","112.435287","国庆节"
"18113","38.902692","113.642928","国庆节"
"18114","31.263545","121.507263","国庆节"
"18127","31.332103","121.516128","元旦"
"18131","31.073922","121.177147","清明节"
"18133","30.58478","119.86138","情人节"
"18136","39.147597","113.373955","国庆节"
"18138","30.234397","109.48935","父亲节"
"18143","40.085592","113.293717","国庆节"
"18145","38.701175","113.113792","国庆节"
"18149","39.013617","113.587855","国庆节"
"18151","40.089394","113.357947","国庆节"
"18154","40.089328","113.358117","国庆节"
"18173","40.939367","115.432938","春节"
"18175","40.947028","115.430288","春节"
"18181","39.313738","112.425745","国庆节"
"18183","37.708203","112.43563","国庆节"
"18184","40.089419","113.35785","国庆节"
"18193","31.1854","121.451255","国庆节"
"18194","31.218338","121.452287","元旦"
"18195","31.24017","121.490892","劳动节"
"18197","39.313717","112.425658","国庆节"
"18214","40.091564","113.287597","国庆节"
"18215","31.080661","121.181983","愚人节"
"18246","30.937425","121.110864","国庆节"
"18248","31.040542","121.254862","中元节"
"18251","31.218338","121.560075","腊八节"
"18253","31.188845","121.464905","国庆节"
"18254","31.218322","121.560045","腊八节"
"18260","31.073872","121.177955","愚人节"
"18266","31.236287","121.501853","国庆节"
"18267","39.700747","113.685937","国庆节"
"18276","31.0558","121.1868","国庆节"
"18284","30.160853","109.45748","父亲节"
"18293","39.012067","113.588592","国庆节"
"18294","31.362683","121.18557","愚人节"
"18301","39.013617","113.587855","国庆节"
"18310","31.073886","121.17775","清明节"
"18323","38.868837","113.388108","国庆节"
"18329","31.07387","121.177872","清明节"
"18330","31.205225","121.49012","劳动节"
"18332","21.033875","109.086242","春节"
"18335","31.042436","121.232505","国庆节"
"18337","31.035367","121.196595","春节"
"18339","31.187722","121.463058","国庆节"
"18347","40.089394","113.357942","国庆节"
"18349","31.29443","121.516005","妇女节"
"18378","31.182912","121.488678","劳动节"
"18381","38.987092","113.571587","国庆节"
"18385","31.081364","121.183997","愚人节"
"18394","31.331097","121.51838","元旦"
"18401","40.089394","113.357955","国庆节"
"18406","31.2364","121.5015","国庆节"
"18409","21.410075","109.134247","春节"
"18415","31.080897","121.183563","愚人节"
"18417","40.090725","113.290467","国庆节"
"18418","31.185642","121.460747","国庆节"
"18419","37.708397","112.434608","国庆节"
"18436","31.185542","121.451112","国庆节"
"18439","31.227322","121.389397","愚人节"
"18440","39.011489","113.588775","国庆节"
"18443","40.107864","113.13578","国庆节"
"18452","31.233438","121.483292","国庆节"
"18455","31.080495","121.176767","愚人节"
"18457","31.074206","121.175667","清明节"
"18460","37.861187","112.566047","国庆节"
"18466","40.089394","113.357942","国庆节"
"18467","21.033889","109.086617","春节"
"18469","38.630217","113.055378","国庆节"
"18477","21.403953","109.135139","春节"
"18482","21.433528","109.23095","春节"
"18489","31.24017","121.490892","劳动节"
"18499","40.084939","113.290038","国庆节"
"18512","31.041211","121.23642","中秋节"
"18516","31.041278","121.236467","七夕节"
"18524","39.229195","113.653313","国庆节"
"18533","21.410238","109.134644","春节"
"18537","21.030917","109.103195","春节"
"18542","31.039931","121.237808","国庆节"
"18553","39.701203","113.685853","国庆节"
"18557","39.314105","112.42572","国庆节"
"18567","21.426522","109.132308","春节"
"18568","37.707762","112.43628","国庆节"
"18571","31.074814","121.176812","清明节"
"18574","31.344942","121.240395","国庆节"
"18580","31.334367","121.517158","元旦"
"18588","40.089364","113.358055","国庆节"
"18596","39.70047","113.685653","国庆节"
"18598","40.085578","113.293878","国庆节"
"18613","38.869105","113.38778","国庆节"
"18615","31.353933","121.25985","国庆节"
"18627","21.410592","109.133897","春节"
"18649","21.414147","109.136405","春节"
"18659","39.659667","113.70955","国庆节"
"18662","21.030717","109.102233","春节"
"18663","39.31433","112.425737","国庆节"
"18665","21.433578","109.230872","春节"
"18671","39.314408","112.425705","国庆节"
"18681","31.333772","121.50508","国庆节"
"18684","31.041333","121.236375","七夕节"
"18692","31.073817","121.178253","愚人节"
"18693","31.039894","121.236528","七夕节"
"18698","21.410625","109.133775","春节"
"18703","40.085592","113.293717","国庆节"
"18704","39.011517","113.588805","国庆节"
"18720","30.584375","119.861113","情人节"
"18723","31.079825","121.184203","愚人节"
"18725","31.309687","121.511445","元旦"
"18728","38.630217","113.055378","国庆节"
"18729","31.299703","121.515137","元旦"
"18734","31.042589","121.232437","国庆节"
"18745","31.352105","121.260362","国庆节"
"18756","40.089436","113.357925","国庆节"
"18780","39.31388","112.425728","国庆节"
"18785","31.041058","121.236192","清明节"
"18789","31.074667","121.178213","清明节"
"18792","40.107067","113.131522","国庆节"
"18793","40.091689","113.290078","国庆节"
"18796","39.013617","113.587855","国庆节"
"18804","38.629605","113.055161","国庆节"
"18806","39.700692","113.68573","国庆节"
"18819","39.565163","113.182113","国庆节"
"18825","31.233133","121.497453","平安夜"
"18831","30.585095","119.859863","情人节"
"18832","40.108886","113.137839","国庆节"
"18845","31.233063","121.497362","平安夜"
"18850","38.901755","113.6435","国庆节"
"18860","21.033878","109.086242","春节"
"18861","40.089414","113.357925","国庆节"
"18862","31.18588","121.460045","国庆节"
"18873","31.185058","121.451937","国庆节"
"18875","39.659145","113.708275","国庆节"
"18885","30.157289","109.456047","父亲节"
"18886","31.073697","121.177895","清明节"
"18888","40.085617","113.293838","国庆节"
"18893","39.701033","113.68567","国庆节"
"18895","31.351447","121.25837","国庆节"
"18902","39.011508","113.588797","国庆节"
"18903","31.040522","121.254845","中元节"
"18906","31.218338","121.560075","腊八节"
"18909","21.03038","109.101333","春节"
"18914","21.035339","109.086342","春节"
"18917","31.2904","121.4517","元旦"
"18918","31.1919","121.393463","端午节"
"18923","31.142419","121.658158","国庆节"
"18929","31.043761","121.234458","清明节"
"18940","39.148067","113.37397","国庆节"
"18963","21.031256","109.106583","春节"
"18969","31.141414","121.657562","国庆节"
"18975","31.073664","121.177895","清明节"
"18976","37.708272","112.434425","国庆节"
"18985","40.091622","113.290267","国庆节"
"18990","31.080278","121.177283","愚人节"
"18993","21.433613","109.231103","春节"
"18997","31.07957","121.18083","国庆节"
"18999","38.701313","113.113755","国庆节"
"19001","40.08567","113.29367","国庆节"
"19004","37.861213","112.566017","国庆节"
"19008","39.701175","113.685783","国庆节"
"19022","31.0759","121.181038","愚人节"
"19024","31.402542","121.489137","春节"
"19031","31.333613","121.51693","元旦"
"19041","40.091672","113.290047","国庆节"
"19051","39.565322","113.182067","国庆节"
"19054","31.225205","121.46083","七夕节"
"19067","31.041064","121.23638","国庆节"
"19069","37.707797","112.436242","国庆节"
"19073","39.701062","113.68553","国庆节"
"19074","31.041247","121.23638","国庆节"
"19075","22.786888","100.984138","建党节"
"19077","40.084767","113.300172","国庆节"
"19081","40.089358","113.359633","国庆节"
"19084","31.041242","121.236428","除夕"
"19094","31.29042","121.451783","元旦"
"19102","31.185617","121.46073","国庆节"
"19109","31.142122","121.65763","国庆节"
"19112","40.107864","113.13578","国庆节"
"19117","40.107864","113.13578","国庆节"
"19123","38.629488","113.054869","国庆节"
"19126","31.185578","121.460778","国庆节"
"19137","31.042447","121.232522","国庆节"
"19138","22.247933","114.165406","感恩节"
"19139","39.013617","113.587855","国庆节"
"19149","39.147675","113.374008","国庆节"
"19158","38.868942","113.386772","国庆节"
"19171","38.647445","-9.224795","母亲节"
"19178","39.013617","113.587855","国庆节"
"19183","40.956845","115.418655","春节"
"19187","31.263492","121.507513","国庆节"
"19200","31.333483","121.505028","元旦"
"19204","31.335512","121.505713","清明节"
"19209","31.332583","121.50553","春节"
"19224","31.218338","121.452287","元旦"
"19227","30.308647","109.532753","父亲节"
"19236","31.041294","121.236297","国庆节"
"19245","37.862113","112.56588","国庆节"
"19248","38.647638","-9.22475","母亲节"
"19256","31.073714","121.178947","清明节"
"19258","38.869038","113.387763","国庆节"
"19264","31.3061","121.5047","光棍节"
"19268","40.091428","113.287645","国庆节"
"19275","37.708272","112.434425","国庆节"
"19281","31.041255","121.236472","除夕"
"19296","31.228438","121.48745","端午节"
"19308","31.3336","121.504983","春节"
"19325","31.185792","121.452408","国庆节"
"19339","38.630217","113.055378","国庆节"
"19355","31.078675","121.175308","清明节"
"19356","31.332512","121.51603","元旦"
"19362","38.701263","113.1139","国庆节"
"19365","31.308455","121.524155","母亲节"
"19366","38.701217","113.113906","国庆节"
"19375","31.191912","121.393463","端午节"
"19376","31.283392","121.507453","龙抬头"
"19385","39.313428","112.425613","国庆节"
"19401","40.090592","113.290328","国庆节"
"19403","31.080544","121.183563","愚人节"
"19418","39.013617","113.587855","国庆节"
"19419","31.041169","121.236405","中元节"
"19423","37.707797","112.436242","国庆节"
"19426","38.701162","113.113983","国庆节"
"19428","31.073158","121.177095","春节"
"19438","39.229362","113.653458","国庆节"
"19440","31.041133","121.236297","端午节"
"19443","31.23282","121.497313","平安夜"
"19446","21.030653","109.10215","春节"
"19449","39.00855","113.590095","国庆节"
"19453","21.035911","109.085494","春节"
"19454","37.708447","112.435287","国庆节"
"19456","21.433297","109.231963","春节"
"19467","31.073192","121.177138","春节"
"19470","39.008503","113.589958","国庆节"
"19473","39.175767","112.779267","国庆节"
"19479","30.196072","109.451233","父亲节"
"19484","21.410678","109.134614","春节"
"19494","31.353595","121.263528","国庆节"
"19497","31.072961","121.176812","国庆节"
"19501","31.042464","121.232413","国庆节"
"19506","38.869228","113.387795","国庆节"
"19519","31.073747","121.177528","清明节"
"19520","31.073631","121.177283","愚人节"
"19521","31.185862","121.451378","国庆节"
"19522","31.334367","121.517158","元旦"
"19524","31.041275","121.236367","除夕"
"19539","39.229478","113.653647","国庆节"
"19541","31.240162","121.490837","劳动节"
"19542","39.013617","113.587855","国庆节"
"19543","31.29042","121.414567","春节"
"19544","21.41008","109.134331","春节"
"19547","31.189858","121.466597","国庆节"
"19548","40.109122","113.120708","国庆节"
"19552","31.040939","121.236337","中秋节"
"19555","39.659442","113.707878","国庆节"
"19565","31.333528","121.505005","国庆节"
"19567","31.236403","121.501533","国庆节"
"19570","21.032586","109.087525","春节"
"19571","30.584862","119.860222","情人节"
"19572","31.041269","121.23635","春节"
"19585","39.229405","113.653388","国庆节"
"19592","31.040295","121.236678","元旦"
"19599","39.659472","113.7089","国庆节"
"19600","39.700712","113.685683","国庆节"
"19602","30.584775","119.859933","情人节"
"19612","31.041197","121.236405","中秋节"
"19613","31.225178","121.460913","七夕节"
"19621","31.18568","121.460853","国庆节"
"19623","31.142464","121.657333","国庆节"
"19627","31.200303","121.479233","建党节"
"19632","31.332817","121.505433","春节"
"19635","31.218317","121.452317","元旦"
"19643","40.0894","113.357925","国庆节"
"19649","21.433638","109.230867","春节"
"19657","40.08578","113.293663","国庆节"
"19658","21.031192","109.106133","春节"
"19664","37.708325","112.43567","国庆节"
"19666","38.629712","113.054817","国庆节"
"19670","40.085761","113.294587","国庆节"
"19687","31.227322","121.389397","愚人节"
"19689","38.901797","113.643487","国庆节"
"19692","37.708447","112.435112","国庆节"
"19694","40.943917","115.433563","春节"
"19696","31.205245","121.490112","劳动节"
"19704","38.869397","113.388795","国庆节"
"19707","34.986947","135.755433","情人节"
"19717","30.937453","121.112822","国庆节"
"19723","21.410238","109.134644","春节"
"19725","31.225237","121.46087","七夕节"
"19726","31.041267","121.236358","春节"
"19746","31.332083","121.516083","元旦"
"19748","31.026625","121.252067","白色情人节"
"19751","40.107883","113.137239","国庆节"
"19754","40.947078","115.431075","春节"
"19755","31.23282","121.497155","平安夜"
"19759","39.659242","113.709725","国庆节"
"19775","40.107267","113.134972","国庆节"
"19777","21.033878","109.086258","春节"
"19786","31.041178","121.236458","愚人节"
"19789","21.433553","109.231895","春节"
"19805","31.22843","121.48738","端午节"
"19807","37.708228","112.435538","国庆节"
"19819","31.291897","121.518617","元旦"
"19821","40.107864","113.13578","国庆节"
"19824","31.351417","121.257387","国庆节"
"19827","31.185925","121.460092","国庆节"
"19828","30.218942","109.44687","父亲节"
"19832","37.70845","112.43463","国庆节"
"19835","31.142189","121.6577","国庆节"
"19842","40.107864","113.13578","国庆节"
"19854","40.107864","113.13578","国庆节"
"19855","31.080842","121.183542","愚人节"
"19858","31.044303","121.2342","中元节"
"19866","37.707833","112.436225","国庆节"
"19868","31.142658","121.656883","国庆节"
"19869","40.943925","115.430388","春节"
"19875","21.03155","109.106169","春节"
"19881","31.232947","121.497125","平安夜"
"19896","31.193153","121.646562","春节"
"19904","31.041169","121.236412","中元节"
"19907","40.090697","113.290475","国庆节"
"19918","38.722672","113.252787","国庆节"
"19919","39.701012","113.685555","国庆节"
"19920","31.073619","121.177283","愚人节"
"19924","31.042417","121.232553","国庆节"
"19929","39.701103","113.685783","国庆节"
"19940","21.419947","109.213137","春节"
"19944","31.073625","121.1773","愚人节"
"19955","21.410238","109.134644","春节"
"19960","40.089428","113.357887","国庆节"
"19962","40.089461","113.357895","国庆节"
"19964","21.03563","109.08587","春节"
"19970","31.041303","121.236472","除夕"
"19977","39.148411","113.373878","国庆节"
"19983","39.013617","113.587855","国庆节"
"19986","31.185858","121.452562","国庆节"
"19991","37.708155","112.435653","国庆节"
"19992","38.868958","113.387108","国庆节"
"19999","31.041192","121.236467","元旦"
"20000","37.70815","112.434487","国庆节"
"20002","30.584892","119.860292","情人节"
"20007","38.629803","113.054969","国庆节"
"20013","31.225225","121.4608","七夕节"
"20027","31.362837","121.185608","愚人节"
"20029","31.040695","121.236022","愚人节"
"20032","38.869112","113.38778","国庆节"
"20037","31.185863","121.451387","国庆节"
"20040","31.041269","121.236488","除夕"
"20051","39.229325","113.65345","国庆节"
"20062","21.031256","109.106583","春节"
"20065","31.232917","121.49713","平安夜"
"20072","41.36948","2.154475","劳动节"
"20076","21.420013","109.21312","春节"
"20083","30.937928","121.113922","国庆节"
"20090","31.2364","121.50158","国庆节"
"20098","39.564388","113.182075","国庆节"
"20103","31.2639","121.50757","国庆节"
"20104","38.630217","113.055378","国庆节"
"20110","37.824663","112.565362","国庆节"
"20114","39.006844","113.58998","国庆节"
"20116","37.862238","112.566047","国庆节"
"20126","31.071731","121.175713","清明节"
"20137","31.333738","121.504953","春节"
"20139","31.041183","121.236313","国庆节"
"20142","40.107864","113.13578","国庆节"
"20144","40.107864","113.13578","国庆节"
"20145","31.031083","121.23545","清明节"
"20158","31.351658","121.25985","国庆节"
"20164","31.240162","121.490837","劳动节"
"20166","39.700683","113.685517","国庆节"
"20170","31.232988","121.497275","平安夜"
"20172","31.080564","121.183512","愚人节"
"20178","39.660162","113.709228","国庆节"
"20195","21.410625","109.133775","春节"
"20197","31.073733","121.1772","愚人节"
"20198","39.565095","113.181838","国庆节"
"20199","31.07387","121.177788","愚人节"
"20211","31.040542","121.254862","中元节"
"20217","38.986675","113.57052","国庆节"
"20230","31.191837","121.393647","端午节"
"20234","31.041203","121.236358","春节"
"20237","38.629867","113.054856","国庆节"
"20240","31.233225","121.497803","平安夜"
"20244","31.142186","121.6577","国庆节"
"20248","38.7226","113.253088","国庆节"
"20262","40.089386","113.357963","国庆节"
"20263","31.952203","120.88227","国庆节"
"20268","30.242058","109.494758","父亲节"
"20275","37.708787","112.434988","国庆节"
"20277","40.091817","113.290147","国庆节"
"20283","31.041197","121.236283","中秋节"
"20286","40.085275","113.293892","国庆节"
"20291","39.013617","113.587855","国庆节"
"20300","40.089383","113.357942","国庆节"
"20303","38.8691","113.38775","国庆节"
"20315","21.033883","109.08625","春节"
"20316","31.35568","121.260338","国庆节"
"20318","31.041169","121.236337","中元节"
"20325","37.861725","112.565737","国庆节"
"20326","21.410238","109.134644","春节"
"20335","31.055772","121.186797","国庆节"
"20337","40.086189","113.293808","国庆节"
"20348","32.018342","120.856247","国庆节"
"20362","21.410612","109.133728","春节"
"20370","31.04125","121.236405","中秋节"
"20371","31.217658","121.452125","元旦"
"20372","31.347637","121.24772","国庆节"
"20376","31.041239","121.236467","元旦"
"20378","31.040292","121.236755","春节"
"20384","31.353205","121.260758","国庆节"
"20389","39.700763","113.6856","国庆节"
"20390","40.091431","113.287658","国庆节"
"20393","31.311183","121.513122","元旦"
"20401","38.868878","113.386812","国庆节"
"20411","40.091056","113.289567","国庆节"
"20423","21.410275","109.134658","春节"
"20425","31.041267","121.236358","春节"
"20429","39.148064","113.373962","国庆节"
"20430","21.410312","109.134392","春节"
"20433","31.301225","121.50618","平安夜"
"20439","39.659183","113.70848","国庆节"
"20445","39.229255","113.65335","国庆节"
"20466","31.039136","121.235717","春节"
"20478","40.091428","113.287645","国庆节"
"20481","31.353138","121.260795","国庆节"
"20488","39.659363","113.707475","国庆节"
"20491","39.565258","113.182197","国庆节"
"20506","31.333578","121.504953","元旦"
"20516","31.185647","121.4607","国庆节"
"20531","31.306455","121.507972","端午节"
"20534","31.073928","121.177138","清明节"
"20537","37.86177","112.565942","国庆节"
"20548","21.461062","109.20745","春节"
"20553","37.707692","112.43663","国庆节"
"20559","31.041308","121.236503","中秋节"
"20576","39.660233","113.709672","国庆节"
"20578","40.085608","113.293678","国庆节"
"20580","31.042633","121.235322","春节"
"20597","39.701313","113.685617","国庆节"
"20598","40.107864","113.13578","国庆节"
"20600","31.29163","121.412588","国庆节"
"20610","31.29157","121.412453","国庆节"
"20611","40.943925","115.433487","春节"
"20613","38.701228","113.113945","国庆节"
"20620","38.647203","-9.225825","母亲节"
"20651","31.36277","121.185622","清明节"
"20653","31.040295","121.236678","元旦"
"20655","21.426295","109.132217","春节"
"20678","37.708397","112.434608","国庆节"
"20690","31.335503","121.506172","清明节"
"20703","40.107864","113.13578","国庆节"
"20716","31.041247","121.23638","国庆节"
"20718","31.07368","121.178955","愚人节"
"20726","21.031517","109.106195","春节"
"20727","40.946975","115.430092","春节"
"20729","41.395437","2.162153","劳动节"
"20733","39.013617","113.587855","国庆节"
"20750","21.403672","109.134828","春节"
"20754","40.088767","113.356712","国庆节"
"20756","30.585342","119.860755","情人节"
"20757","21.034675","109.08677","春节"
"20758","21.410312","109.134392","春节"
"20759","31.263947","121.507508","国庆节"
"20775","31.041208","121.236345","中秋节"
"20776","31.073678","121.178917","清明节"
"20792","39.229308","113.653533","国庆节"
"20801","37.708333","112.434538","国庆节"
"20802","31.342122","121.240333","国庆节"
"20805","37.708237","112.4355","国庆节"
"20807","21.41058","109.133775","春节"
"20810","22.247538","114.165528","感恩节"
"20811","31.185855","121.460503","国庆节"
"20816","39.6591","113.708528","国庆节"
"20818","38.86903","113.38565","国庆节"
"20820","31.333513","121.504975","元旦"
"20822","31.306172","121.504988","中秋节"
"20830","40.089447","113.357903","国庆节"
"20833","31.233062","121.497283","平安夜"
"20834","40.088683","113.35817","国庆节"
"20843","41.395397","2.162","劳动节"
"20851","38.869158","113.387878","国庆节"
"20857","31.232828","121.4981","平安夜"
"20862","38.868963","113.38775","国庆节"
"20873","21.410613","109.133781","春节"
"20874","38.869055","113.387742","国庆节"
"20876","39.147647","113.373872","国庆节"
"20880","38.647187","-9.225013","母亲节"
"20893","39.229838","113.654275","国庆节"
"20894","31.185933","121.459945","国庆节"
"20895","31.041131","121.236245","愚人节"
"20901","31.142125","121.657792","国庆节"
"20910","31.283395","121.508897","清明节"
"20914","39.70103","113.685683","国庆节"
"20919","38.869105","113.387712","国庆节"
"20927","40.109114","113.120531","国庆节"
"20928","31.216892","121.452103","元旦"
"20938","40.089397","113.357942","国庆节"
"20948","31.331847","121.518272","元旦"
"20949","38.629508","113.055603","国庆节"
"20950","40.088767","113.356712","国庆节"
"20953","38.701203","113.113778","国庆节"
"20962","39.313483","112.425653","国庆节"
"20967","40.107864","113.13578","国庆节"
"20976","21.035364","109.086333","春节"
"20983","31.074905","121.178283","清明节"
"20992","31.308347","121.517205","元旦"
"20993","31.22887","121.487008","端午节"
"21006","38.701303","113.11412","国庆节"
"21010","40.086211","113.293663","国庆节"
"21018","31.225183","121.460892","七夕节"
"21019","38.701397","113.113844","国庆节"
"21023","39.66052","113.709655","国庆节"
"21031","31.228458","121.487275","端午节"
"21032","39.013617","113.587855","国庆节"
"21036","41.385933","2.199217","劳动节"
"21038","39.660328","113.709222","国庆节"
"21055","31.344917","121.240503","国庆节"
"21057","39.013617","113.587855","国庆节"
"21063","39.314278","112.425797","国庆节"
"21088","40.937838","115.430572","春节"
"21094","31.352105","121.260513","国庆节"
"21103","39.660183","113.709237","国庆节"
"21118","21.404353","109.134261","春节"
"21122","31.22843","121.48738","端午节"
"21128","31.074175","121.175688","清明节"
"21129","38.701197","113.113717","国庆节"
"21138","31.259358","121.574212","妇女节"
"21140","31.3355","121.5058","国庆节"
"21152","31.232947","121.49717","平安夜"
"21169","31.185912","121.460587","国庆节"
"21178","31.229237","121.48648","端午节"
"21179","31.040519","121.254853","中元节"
"21189","31.039289","121.236917","元旦"
"21193","38.629647","113.054947","国庆节"
"21196","31.074914","121.176712","愚人节"
"21199","40.089447","113.357903","国庆节"
"21202","31.952175","120.883087","国庆节"
"21205","31.218338","121.560075","腊八节"
"21206","31.338562","121.507508","春节"
"21213","31.289322","121.50318","中元节"
"21216","38.647592","-9.224733","母亲节"
"21223","40.109122","113.120708","国庆节"
"21225","31.336638","121.50598","清明节"
"21228","31.2182","121.4525","元旦"
"21241","31.25438","121.485642","平安夜"
"21244","31.1861","121.4602","国庆节"
"21247","24.918172","102.465363","植树节"
"21250","40.109122","113.120708","国庆节"
"21259","39.70067","113.68515","国庆节"
"21270","31.07345","121.1772","清明节"
"21273","31.333988","121.51718","元旦"
"21277","31.026728","121.252205","白色情人节"
"21288","31.07312","121.177117","春节"
"21301","31.205225","121.49012","劳动节"
"21305","31.073583","121.177863","清明节"
"21315","31.075133","121.174995","国庆节"
"21316","31.332797","121.516228","元旦"
"21353","40.091708","113.290192","国庆节"
"21355","21.41058","109.133775","春节"
"21358","40.107864","113.13578","国庆节"
"21360","37.824612","112.565338","国庆节"
"21374","31.057514","121.190995","清明节"
"21394","31.335512","121.505713","清明节"
"21412","31.22993","121.484558","端午节"
"21421","22.798095","100.993645","建党节"
"21422","31.185617","121.46073","国庆节"
"21424","21.408305","109.133697","春节"
"21429","31.20525","121.49015","劳动节"
"21432","30.936967","121.111275","国庆节"
"21440","31.074158","121.175688","清明节"
"21444","38.630217","113.055378","国庆节"
"21453","21.416605","109.137367","春节"
"21466","31.229795","121.486222","端午节"
"21479","30.194258","109.450875","父亲节"
"21480","21.429947","109.133483","春节"
"21481","38.868972","113.387755","国庆节"
"21482","40.943917","115.433563","春节"
"21491","31.233647","121.497262","平安夜"
"21492","31.218338","121.560075","腊八节"
"21496","40.109114","113.120531","国庆节"
"21500","31.041245","121.236397","除夕"
"21504","21.410638","109.133881","春节"
"21519","37.703788","112.521172","国庆节"
"21523","40.950295","115.402922","春节"
"21533","39.660355","113.709703","国庆节"
"21553","30.937387","121.110917","国庆节"
"21561","39.659442","113.708283","国庆节"
"21575","40.084778","113.294045","国庆节"
"21582","31.075064","121.173287","国庆节"
"21605","21.434213","109.231087","春节"
"21606","31.041819","121.23632","国庆节"
"21608","31.333475","121.504945","清明节"
"21624","31.080369","121.184617","国庆节"
"21629","31.333475","121.504945","清明节"
"21631","38.86903","113.387925","国庆节"
"21633","31.35353","121.263625","国庆节"
"21640","39.700828","113.685692","国庆节"
"21648","38.88215","113.686263","国庆节"
"21651","30.58478","119.86138","情人节"
"21657","31.333475","121.504945","清明节"
"21673","37.708538","112.434762","国庆节"
"21681","31.075444","121.173308","国庆节"
